duration,protocol_type,service,flag,src_bytes,dst_bytes,wrong_fragment,urgent,hot,num_failed_logins,num_compromised,su_attempted,count,srv_count,serror_rate,label
0.9385361799537182,udp,http,SF,69.3715930523852,694.3831628779299,0.0,0.0,0,0.0,0.0,0.0,29,13,0.0805648805363342,normal.
6.020242861835042,icmp,ftp,S0,24.977673431057994,20.5914662398973,0.0,0.0,0,0.0,0.0,0.0,481,39,1.0,neptune.
2.6334913870908987,tcp,http,SF,504.06016156651066,439.4025137674879,0.0,0.0,0,0.0,0.0,0.0,71,28,0.02260790710105627,normal.
1.8258851075519065,tcp,http,SF,15.834309227796574,403.9096330852835,0.0,0.0,0,0.0,0.0,0.0,92,89,0.08173053122132368,normal.
0.33924974092469257,tcp,http,S0,92.23712873267357,24.09164649853637,0.0,0.0,1,0.0,0.0,0.0,410,61,1.0,neptune.
0.33919258382921036,tcp,smtp,SF,26.18245645479558,518.7120948000808,0.0,0.0,2,0.0,0.0,0.0,92,16,0.009536092127300356,normal.
0.11967753721736135,tcp,domain_u,SF,38.31695005820019,223.41849910348589,0.0,0.0,0,0.0,0.0,0.0,6,2,0.04500586394262253,normal.
4.022461728959879,tcp,http,REJ,85.93041439155358,393.69349815024015,0.0,0.0,0,0.0,0.0,0.0,29,82,0.033745427896422896,normal.
1.838164307254529,tcp,http,SF,185.7839496628764,34.83182294452133,0.0,0.0,0,0.0,0.0,0.0,58,17,0.08706884554574394,normal.
2.4625001234091806,udp,smtp,SF,276.82805193351834,185.8991225224082,0.0,0.0,0,0.0,0.0,0.0,17,30,0.008352491468001877,normal.
0.041598615998277244,icmp,http,S0,11.74058966304354,11.503854680351617,0.0,0.0,0,0.0,0.0,0.0,368,13,1.0,neptune.
7.007114950316624,tcp,ftp,S0,71.36098021430777,4.876916662401961,0.0,0.0,1,0.0,0.0,0.0,296,96,1.0,neptune.
3.57285908670935,udp,ftp,REJ,234.97840196381128,183.32171957729147,0.0,0.0,1,0.0,0.0,0.0,95,93,0.005129384898121559,normal.
0.477375250497894,udp,domain_u,SF,10.121775177149008,773.47736782077,0.0,0.0,0,0.0,0.0,0.0,3,94,0.04925353807142893,normal.
0.4013579774993267,icmp,http,SF,74.76751461495535,216.89323359874768,0.0,0.0,0,0.0,0.0,0.0,21,82,0.044210703467972005,normal.
0.4052228456645141,tcp,smtp,SF,54.48449700502721,134.94009025930492,0.0,0.0,0,0.0,0.0,0.0,64,13,0.03344011789887487,normal.
0.7255074589209543,icmp,ftp,S0,82.64396595309444,112.02239648472921,0.0,0.0,0,0.0,0.0,0.0,90,43,0.03945723153189238,normal.
1.487855661721709,tcp,smtp,REJ,25.221479048497205,36.094911973219524,0.0,0.0,0,0.0,0.0,0.0,36,85,0.052994058693023295,normal.
1.1310741335606733,udp,smtp,SF,12.992615684255176,106.40032637180695,0.0,0.0,0,0.0,0.0,0.0,86,94,0.016136735838838314,normal.
0.688445985107883,udp,ftp,SF,8.05983894912669,279.36710414401097,0.0,0.0,0,0.0,0.0,0.0,62,21,0.05719958782835928,normal.
1.8927417477995974,udp,smtp,SF,144.94928947053026,77.25925008415632,0.0,0.0,0,0.0,0.0,0.0,42,55,0.08054323292999864,normal.
0.30046905745467734,udp,ftp,REJ,164.68740081659973,457.5473061330166,0.0,0.0,0,0.0,0.0,0.0,76,81,0.0760160929790159,normal.
0.6910310240048045,icmp,smtp,SF,73.89796933289168,199.13093054190531,0.0,0.0,1,0.0,0.0,0.0,42,40,0.01538999046937737,normal.
0.9125544364416941,tcp,ftp,REJ,32.00370413475771,238.76245049232784,0.0,0.0,0,0.0,0.0,0.0,61,83,0.014924946974147391,normal.
1.21786937571955,tcp,http,SF,10.772042351115822,562.8392876737408,0.0,0.0,0,0.0,0.0,0.0,13,15,0.026817436774491332,normal.
3.075872022061824,icmp,domain_u,SF,95.90378626578058,67.3475719524209,0.0,0.0,0,0.0,0.0,0.0,11,73,0.03610747263410372,normal.
0.4454717242573806,tcp,ftp,SF,18.159988086865354,399.04367788433404,0.0,0.0,0,0.0,0.0,0.0,54,52,0.04084555814084826,normal.
1.4440583100662554,udp,ftp,SF,26.808027472971855,83.11996486776572,0.0,0.0,0,0.0,0.0,0.0,16,74,0.06796972168333452,normal.
1.7950094426195211,tcp,domain_u,SF,30.369412084389815,246.9711987870701,0.0,0.0,0,0.0,0.0,0.0,8,95,0.00566804321658354,normal.
0.09512769951281709,udp,ftp,SF,44.81149871814072,56.33651894891591,0.0,0.0,0,0.0,0.0,0.0,59,53,0.0034672704226066386,normal.
1.8706660412992202,icmp,ftp,S0,25.55823446006792,37.86185971455238,0.0,0.0,0,0.0,0.0,0.0,353,87,1.0,neptune.
0.37392250395483284,tcp,smtp,SF,56.455841770639005,170.34011561998446,0.0,0.0,1,0.0,0.0,0.0,40,52,0.06971636921379805,normal.
0.13452786175860848,icmp,domain_u,SF,29.31741474895382,8.77757279130069,0.0,0.0,0,0.0,0.0,0.0,59,30,0.01934353429564826,normal.
5.947375587013862,tcp,http,SF,110.0982407383314,95.16372552049607,0.0,0.0,0,0.0,0.0,0.0,2,33,0.06415044812562518,normal.
6.741260684922345,udp,ftp,REJ,153.09565375546038,13.3355645352027,0.0,0.0,0,0.0,0.0,0.0,94,57,0.025982813794029946,normal.
3.3046631456257534,icmp,domain_u,S0,60.85796314480345,477.6370103675655,0.0,0.0,0,0.0,0.0,0.0,94,52,0.08860861088135163,normal.
0.7265757199375166,tcp,smtp,REJ,86.71495284253609,717.064571312604,0.0,0.0,0,0.0,0.0,0.0,76,9,0.08956899442666166,normal.
0.20555463000501248,udp,http,REJ,453.89048642990065,40.612389001054645,0.0,0.0,0,0.0,0.0,0.0,10,54,0.02972872042813265,normal.
2.3055015261973235,icmp,domain_u,SF,16.901404806827006,282.1586337232035,0.0,0.0,0,0.0,0.0,0.0,44,1,0.022999375396324052,normal.
1.1601816851707967,icmp,http,SF,15.903383712946484,571.7509934898707,0.0,0.0,0,0.0,0.0,0.0,11,44,0.04113039720662313,normal.
0.2603044679088973,tcp,http,SF,109.3985789895449,574.6170585226301,0.0,0.0,1,0.0,0.0,0.0,79,99,0.024053158518014872,normal.
1.3670944562683003,tcp,http,SF,382.42893207790127,204.72676797203664,0.0,0.0,0,0.0,0.0,0.0,80,75,0.06723838432917037,normal.
0.06998744288695817,tcp,ftp,SF,42.07700694055708,446.5078642852281,0.0,0.0,0,0.0,0.0,0.0,81,98,0.08260646845482855,normal.
4.800845774786048,udp,ftp,S0,306.99573108157045,56.03648699897479,0.0,0.0,0,0.0,0.0,0.0,222,80,1.0,neptune.
0.5989155536813722,tcp,smtp,SF,60.12548042276919,168.12095632780324,0.0,0.0,0,0.0,0.0,0.0,2,9,0.08243504472493496,normal.
2.1725115971299607,icmp,smtp,S0,27.635818911125956,73.65152802541856,0.0,0.0,0,0.0,0.0,0.0,257,32,1.0,neptune.
0.7470931633152473,icmp,domain_u,SF,20.27335802183231,49.36877006303763,0.0,0.0,0,0.0,0.0,0.0,12,15,0.015631697070886085,normal.
1.4682217918184572,tcp,smtp,SF,102.45396593694309,156.66270009993795,0.0,0.0,0,0.0,0.0,0.0,90,12,0.07379509473975922,normal.
1.582447595963595,tcp,http,SF,21.86836194429905,249.95866501125556,0.0,0.0,0,0.0,0.0,0.0,23,97,0.03604745051415539,normal.
0.4087771990158115,icmp,http,SF,59.2210375490309,850.022782386211,0.0,0.0,0,0.0,0.0,0.0,18,78,0.06712708252291326,normal.
6.985614265472453,udp,ftp,S0,265.99167874639613,220.9051206367164,0.0,0.0,0,0.0,0.0,0.0,62,57,0.027064394198176567,normal.
2.9844907542762815,tcp,http,SF,40.173983404777786,388.734193337738,0.0,0.0,0,0.0,0.0,0.0,96,8,0.008122963480667267,normal.
5.610188838583165,tcp,domain_u,S0,203.16317515370912,395.4106162916009,0.0,0.0,0,0.0,0.0,0.0,407,72,1.0,neptune.
4.504303995068393,icmp,http,S0,16.20721494834486,8360.734395276619,0.0,0.0,0,0.0,0.0,0.0,38,27,0.01562015079305993,normal.
1.82210882476655,tcp,http,REJ,32.011361884863014,9.825208659039971,0.0,0.0,1,0.0,0.0,0.0,67,62,0.09884209939634811,normal.
5.09887075853881,udp,domain_u,S0,13.36789549596142,52.88391348694388,0.0,0.0,0,0.0,0.0,0.0,38,12,0.09772799325664473,normal.
0.18531091790623125,icmp,smtp,S0,58.732706718929364,1354.359704373073,0.0,0.0,0,0.0,0.0,0.0,405,65,1.0,neptune.
0.4362693892625349,tcp,smtp,SF,119.11366195314054,87.52989461179392,0.0,0.0,0,0.0,0.0,0.0,94,42,0.06594229620819976,normal.
0.09256393137366391,icmp,domain_u,SF,58.86149181388336,560.4302018568342,0.0,0.0,0,0.0,0.0,0.0,61,62,0.05778070502510847,normal.
0.7870641736061736,tcp,ftp,SF,186.2425879023191,209.56087828964417,0.0,0.0,0,0.0,0.0,0.0,1,11,0.08661015453778348,normal.
0.9842605835884372,tcp,http,SF,25.81151626951404,3490.511624786004,0.0,0.0,0,0.0,0.0,0.0,94,43,0.028943952161948797,normal.
0.6331208864176514,tcp,domain_u,SF,68.39794317866789,27.950032416521708,0.0,0.0,0,0.0,0.0,0.0,45,95,0.046768121248487705,normal.
3.529115730481868,udp,http,SF,32.21817313388768,927.6929718818133,0.0,0.0,0,0.0,0.0,0.0,96,17,0.0619389969366502,normal.
0.8824539990597403,udp,ftp,SF,78.38844924345209,2047.4941486250302,0.0,0.0,0,0.0,0.0,0.0,28,97,0.04111904758694911,normal.
0.6596056802684984,icmp,http,SF,90.35406847748732,32.40691040780643,0.0,0.0,0,0.0,0.0,0.0,21,32,0.0427486454090268,normal.
1.564814166415492,tcp,domain_u,SF,97.7483149138665,480.24931022863575,0.0,0.0,0,0.0,0.0,0.0,13,93,0.03302846675020844,normal.
0.3037962956412577,tcp,http,SF,18.716503256806117,34.8743994965517,0.0,0.0,0,0.0,0.0,0.0,27,85,0.05642318166845361,normal.
3.2409671915494624,udp,smtp,SF,22.426737786602622,155.28192858055965,0.0,0.0,0,0.0,0.0,0.0,7,85,0.08505745280151161,normal.
0.15495173762261802,tcp,ftp,SF,26.996636706215167,100.99975637672736,0.0,0.0,0,0.0,0.0,0.0,22,40,0.020152837800631287,normal.
8.66829267917464,udp,ftp,S0,42.996523007496016,4.038482883864678,0.0,0.0,0,0.0,0.0,0.0,74,23,0.09344330387534415,normal.
2.958967552483023,tcp,ftp,SF,59.57204403461457,280.437641854198,0.0,0.0,0,0.0,0.0,0.0,53,56,0.06890876537482298,normal.
0.4430788810117719,icmp,domain_u,SF,110.84015538248183,184.01343134946305,0.0,0.0,0,0.0,0.0,0.0,79,6,0.08232732126800302,normal.
0.01107484075187095,tcp,ftp,SF,23.380475661980423,1364.6025050357962,0.0,0.0,0,0.0,0.0,0.0,79,86,0.05561906926300117,normal.
3.379793554972252,tcp,smtp,S0,11.01194620670836,371.19052749117867,0.0,0.0,0,0.0,0.0,0.0,4,50,0.07795167014240635,normal.
2.4541918147740893,udp,domain_u,SF,471.41705212143216,4611.580348904467,0.0,0.0,0,0.0,0.0,0.0,96,37,0.001620039733946721,normal.
2.611325817575998,tcp,smtp,S0,17.611409857376415,174.26263767420204,0.0,0.0,1,0.0,0.0,0.0,296,64,1.0,neptune.
2.950429052087027,tcp,http,SF,126.00526893171545,126.68515602223549,0.0,0.0,0,0.0,0.0,0.0,70,54,0.004013885908536652,normal.
0.1538585310275927,udp,http,SF,56.33223208340989,112.55759249321423,0.0,0.0,0,0.0,0.0,0.0,88,72,0.08899133763628625,normal.
0.887785344832465,icmp,http,S0,70.19700461408534,76.75487738607121,0.0,0.0,0,0.0,0.0,0.0,84,49,0.09919627472386433,normal.
0.2463002092088993,icmp,http,SF,54.51356087782435,5.41067376314342,0.0,0.0,0,0.0,0.0,0.0,84,99,0.029406746217677783,normal.
3.9770591433164455,udp,smtp,SF,37.157220688566746,106.66659758534512,0.0,0.0,0,0.0,0.0,0.0,76,11,0.021031855628579368,normal.
1.9526023834247481,udp,domain_u,S0,86.8317452007623,6.673990189339531,0.0,0.0,0,0.0,0.0,0.0,33,88,0.07653633638580408,normal.
0.803637602502602,udp,domain_u,S0,35.21291059916616,292.37874007741027,0.0,0.0,1,0.0,0.0,0.0,28,49,0.025302634092025322,normal.
0.13133613160956578,udp,ftp,SF,175.265636734251,23.101777469384995,0.0,0.0,0,0.0,0.0,0.0,8,21,0.08655623831722035,normal.
0.7449767008207074,udp,smtp,S0,96.39371537212924,38.80313589375772,0.0,0.0,0,0.0,0.0,0.0,1,66,0.010284259215747672,normal.
0.7866284263682627,icmp,http,SF,99.44394447312996,54.37392438300267,0.0,0.0,0,0.0,0.0,0.0,37,63,0.012595519637935827,normal.
2.6157515679154817,icmp,smtp,SF,32.88040672007406,109.13628728646688,0.0,0.0,0,0.0,0.0,0.0,63,83,0.09791515551006157,normal.
2.02977871785204,udp,ftp,SF,43.1052699781986,149.95007155818703,0.0,0.0,0,0.0,0.0,0.0,22,28,0.06738388982700047,normal.
4.3645038248030295,tcp,ftp,SF,16.644622501189396,755.0012271482361,0.0,0.0,0,0.0,0.0,0.0,70,17,0.08468872244289528,normal.
1.2781322667526196,udp,smtp,SF,38.358799092221275,62.40871067219181,0.0,0.0,0,0.0,0.0,0.0,21,6,0.0324329377351518,normal.
0.2547447872310038,tcp,smtp,S0,19.364162882254,304.9717667633013,0.0,0.0,0,0.0,0.0,0.0,96,19,0.06764837495206044,normal.
2.498252688633199,udp,smtp,S0,202.97209683690286,8922.226926346624,0.0,0.0,0,0.0,0.0,0.0,35,56,0.059424182730859726,normal.
2.860785506153728,udp,domain_u,SF,57.428219738816836,261.3932698090063,0.0,0.0,0,0.0,0.0,0.0,79,28,0.0603150120122947,normal.
1.6477749897716576,icmp,http,S0,64.74763889938541,113.21235654869997,0.0,0.0,0,0.0,0.0,0.0,5,66,0.06825324595377216,normal.
2.947779933442729,tcp,smtp,SF,43.59112055636462,46.121191143094386,0.0,0.0,1,0.0,0.0,0.0,60,38,0.05753591731290986,normal.
1.3616294630205559,tcp,smtp,SF,66.52507352264936,110.88600391847108,0.0,0.0,0,0.0,0.0,0.0,46,37,0.0429062369302666,normal.
1.479357677554534,icmp,smtp,SF,642.1857781261756,39.27819320474892,0.0,0.0,2,0.0,0.0,0.0,50,68,0.027592269438054685,normal.
1.1156283878168547,icmp,ftp,SF,40.44163063252433,222.06988730827328,0.0,0.0,0,0.0,0.0,0.0,48,86,0.07685813309132021,normal.
0.05149554798022746,icmp,ftp,S0,28.490963456358006,173.35061293687738,0.0,0.0,0,0.0,0.0,0.0,6,90,0.022627243000318622,normal.
0.22833487038373168,icmp,domain_u,S0,92.73010089894738,5.793120938877997,0.0,0.0,0,0.0,0.0,0.0,89,49,0.06923543061544142,normal.
0.06386736258610765,tcp,http,SF,4.367895728151634,144.33875344281816,0.0,0.0,0,0.0,0.0,0.0,56,43,0.023333282264932666,normal.
2.023459101855099,tcp,domain_u,S0,58.204157500987975,745.6225216270263,0.0,0.0,0,0.0,0.0,0.0,349,36,1.0,neptune.
0.7547934175901997,udp,http,SF,37.64827350325079,81.5594515915572,0.0,0.0,0,0.0,0.0,0.0,29,58,0.0747078267129029,normal.
1.4208743542683802,udp,ftp,SF,20.24052401116671,55.737593161355164,0.0,0.0,0,0.0,0.0,0.0,71,13,0.02187138889065392,normal.
4.762531059691951,icmp,ftp,REJ,90.71817022617736,18.79233060996491,0.0,0.0,0,0.0,0.0,0.0,77,52,0.005994330086130828,normal.
0.5734776459665967,icmp,ftp,SF,57.626839253909196,9.143213751037,0.0,0.0,0,0.0,0.0,0.0,18,58,0.01309737429941741,normal.
1.0565639497653452,icmp,domain_u,SF,9.003299241100091,516.4734587981294,0.0,0.0,0,0.0,0.0,0.0,2,32,0.06059969672710255,normal.
2.8174982950771668,udp,smtp,S0,28.601823622215555,113.04460842443348,0.0,0.0,1,0.0,0.0,0.0,215,81,1.0,neptune.
0.5196103138347881,udp,smtp,SF,3.0396087145267936,472.4974466506056,0.0,0.0,0,0.0,0.0,0.0,75,60,0.004499682123542437,normal.
0.16020855710035273,udp,ftp,SF,73.20540917961678,1475.8444550786191,0.0,0.0,0,0.0,0.0,0.0,97,83,0.07341512590416463,normal.
0.6842806077741141,udp,smtp,SF,72.47918509059092,591.0328072965744,0.0,0.0,0,0.0,0.0,0.0,54,58,0.03413186459500522,normal.
0.3516167170001257,udp,smtp,SF,24.69789719406522,65.78826755789169,0.0,0.0,0,0.0,0.0,0.0,38,99,0.04785283699195225,normal.
5.3099001717612495,udp,domain_u,SF,93.70136076239163,184.43581135020847,0.0,0.0,0,0.0,0.0,0.0,48,56,0.09288595498455657,normal.
3.301774160969139,udp,http,S0,15.14243971791096,59.017894956435704,0.0,0.0,0,0.0,0.0,0.0,278,28,1.0,neptune.
2.006988381041062,icmp,ftp,SF,20.76944619977925,51.29366760699867,0.0,0.0,0,0.0,0.0,0.0,20,1,0.04653369339394861,normal.
4.103039461041626,icmp,ftp,SF,82.86315103789497,248.1969895591142,0.0,0.0,0,0.0,0.0,0.0,12,42,0.0013682414760681106,normal.
3.255937881481113,icmp,domain_u,REJ,27.421660904457934,42.58743153364979,0.0,0.0,0,0.0,0.0,0.0,43,82,0.008159872000483837,normal.
0.41299095271727815,icmp,domain_u,S0,51.282165660902926,5.399317579226114,0.0,0.0,0,0.0,0.0,0.0,391,48,1.0,neptune.
4.461626810471122,udp,smtp,REJ,31.07336348371542,39.16479107837913,0.0,0.0,1,0.0,0.0,0.0,31,40,0.0027852240821074404,normal.
1.550199803932344,tcp,ftp,SF,36.20035204197286,93.66066247952354,0.0,0.0,0,0.0,0.0,0.0,91,97,0.0631375326048251,normal.
3.2946965826071324,udp,http,SF,37.81764467455643,1454.0350253253796,0.0,0.0,0,0.0,0.0,0.0,96,63,0.042639835680162254,normal.
4.528485298572463,tcp,domain_u,SF,26.930062907430898,71.06491998099557,0.0,0.0,0,0.0,0.0,0.0,61,76,0.0548145202728022,normal.
0.7654614328366369,icmp,http,SF,73.88055846317951,319.8608752920705,0.0,0.0,0,0.0,0.0,0.0,74,72,0.017464718589632954,normal.
0.23318432024770167,udp,http,SF,29.138826045285843,115.30002557145387,0.0,0.0,1,0.0,0.0,0.0,67,88,0.029593202943661613,normal.
0.5173734922787627,icmp,ftp,SF,55.461368415179805,934.1226213052065,0.0,0.0,0,0.0,0.0,0.0,91,80,0.06638244748527251,normal.
1.1141153854972288,udp,ftp,SF,26.34473167660218,841.8859705709625,0.0,0.0,0,0.0,0.0,0.0,35,4,0.09653027236303999,normal.
3.40765945327789,icmp,domain_u,SF,11.771735642040397,866.3271926860994,0.0,0.0,0,0.0,0.0,0.0,95,38,0.00504167736022092,normal.
3.9426899437596665,tcp,ftp,SF,135.9701327192358,11.012430782378582,0.0,0.0,0,0.0,0.0,0.0,15,27,0.08903843208552661,normal.
0.013952818363301294,tcp,ftp,S0,89.97456192451646,202.36764559738845,0.0,0.0,0,0.0,0.0,0.0,16,9,0.057688120131120846,normal.
1.4297523186771115,tcp,ftp,REJ,538.4432301229759,463.31533907927536,0.0,0.0,0,0.0,0.0,0.0,13,16,0.05639195667556238,normal.
1.0805466418373426,udp,http,REJ,19.221456094307,263.04045558993096,0.0,0.0,0,0.0,0.0,0.0,35,56,0.05002785352077604,normal.
0.502334676551649,tcp,domain_u,SF,44.30242928443281,385.63621956514646,0.0,0.0,0,0.0,0.0,0.0,75,76,0.006939408590418339,normal.
0.2553607830912936,udp,smtp,SF,48.01399443498999,161.98868812867664,0.0,0.0,1,0.0,0.0,0.0,59,31,0.008987685173616066,normal.
0.8238171597248649,tcp,http,SF,146.84380021749357,48.56114326925746,0.0,0.0,0,0.0,0.0,0.0,21,88,0.06009120056590861,normal.
5.726242245382299,tcp,ftp,SF,32.88090538560423,11.638911480629568,0.0,0.0,0,0.0,0.0,0.0,54,14,0.034095857143555834,normal.
0.7807676057629488,udp,http,SF,16.927815319037116,56.35358490614205,0.0,0.0,0,0.0,0.0,0.0,75,25,0.09172680665776807,normal.
1.4629056115203039,udp,ftp,SF,182.69339461498464,8243.372395369597,0.0,0.0,0,0.0,0.0,0.0,30,34,0.04065905373594723,normal.
2.4281739537617097,tcp,ftp,SF,39.779431043177794,71.63066295573947,0.0,0.0,1,0.0,0.0,0.0,48,67,0.01432814587026411,normal.
0.9039489979339247,udp,http,S0,131.4522292203197,7.853149494830835,0.0,0.0,0,0.0,0.0,0.0,346,24,1.0,neptune.
7.135596276583399,tcp,domain_u,SF,117.00286255636878,445.40057290518564,0.0,0.0,0,0.0,0.0,0.0,86,73,0.029335342144100985,normal.
6.564019729082796,udp,ftp,SF,52.99033434638944,535.4941754710919,0.0,0.0,0,0.0,0.0,0.0,38,26,0.05254703073558932,normal.
0.5801225899844106,icmp,domain_u,SF,45.86426598258025,1023.5032548650232,0.0,0.0,0,0.0,0.0,0.0,31,20,0.06978327855051701,normal.
1.3753185569276944,icmp,smtp,REJ,36.90825333567947,300.80666685001347,0.0,0.0,0,0.0,0.0,0.0,78,64,0.09002641112020704,normal.
0.7158609201580935,icmp,ftp,SF,53.77490299408606,527.6336887878122,0.0,0.0,0,0.0,0.0,0.0,24,10,0.07921911948016762,normal.
0.6704993527621634,icmp,domain_u,SF,129.42482700841714,2345.668470401866,0.0,0.0,0,0.0,0.0,0.0,49,83,0.06763610678727242,normal.
0.07516895553104506,icmp,domain_u,SF,24.620017189298867,48.510960490515686,0.0,0.0,0,0.0,0.0,0.0,96,67,0.06796331823951436,normal.
1.8809841419651863,tcp,smtp,SF,60.87640311225751,36.02538907133861,0.0,0.0,0,0.0,0.0,0.0,32,24,0.09459246440320866,normal.
1.397039265659277,icmp,domain_u,SF,17.83866998212462,28.735123523723264,0.0,0.0,0,0.0,0.0,0.0,55,5,0.029582409749653607,normal.
0.10570217476078496,icmp,domain_u,S0,20.204265933909987,99.61827386075035,0.0,0.0,1,0.0,0.0,0.0,478,67,1.0,neptune.
0.6532518420207387,icmp,smtp,SF,52.93480186726135,1274.276224994414,0.0,0.0,0,0.0,0.0,0.0,58,58,0.027195455939819868,normal.
4.777721902178681,icmp,ftp,SF,7.68939411484016,327.70130946382534,0.0,0.0,0,0.0,0.0,0.0,99,27,0.0217891379626744,normal.
0.5477211042841541,udp,domain_u,SF,428.61480134649037,308.9062797349576,0.0,0.0,0,0.0,0.0,0.0,3,80,0.06618345851139983,normal.
0.3130617219709395,tcp,domain_u,SF,16.559170300742434,9.689454285228498,0.0,0.0,0,0.0,0.0,0.0,80,15,0.0633711599765529,normal.
1.3445442189472725,icmp,domain_u,REJ,52.452683017305745,52.46885519300006,0.0,0.0,0,0.0,0.0,0.0,69,35,0.05934613827047239,normal.
8.48807396523052,icmp,http,SF,175.60158753931907,9.454714922777894,0.0,0.0,1,0.0,0.0,0.0,85,76,0.0016243443209453701,normal.
0.5542896271194524,icmp,smtp,S0,23.0368397144789,859.9452152169531,0.0,0.0,0,0.0,0.0,0.0,487,53,1.0,neptune.
2.2303100205945867,tcp,http,REJ,5.459204103027707,1601.137734081641,0.0,0.0,0,0.0,0.0,0.0,83,44,0.03235304124854915,normal.
2.8677752524789257,udp,smtp,SF,34.989717754154036,477.87542953526724,0.0,0.0,0,0.0,0.0,0.0,25,26,0.06650559890066311,normal.
0.5426663446716116,tcp,ftp,SF,22.7639835913278,33.77837927485404,0.0,0.0,0,0.0,0.0,0.0,68,47,0.055657842850215335,normal.
2.6054978569846323,udp,ftp,SF,5.604817475496098,1370.640928470437,0.0,0.0,0,0.0,0.0,0.0,61,34,0.03427309254279072,normal.
0.917045598528608,icmp,domain_u,SF,72.5945530801709,101.50597207844109,0.0,0.0,0,0.0,0.0,0.0,29,87,0.013457626710410776,normal.
2.0010074954635426,icmp,smtp,S0,67.16107658501454,24.006174758743224,0.0,0.0,0,0.0,0.0,0.0,380,95,1.0,neptune.
2.0076756542752765,tcp,ftp,SF,171.1133931439971,34.93166128458619,0.0,0.0,0,0.0,0.0,0.0,43,50,0.08315183331122236,normal.
1.5347704999046976,tcp,smtp,S0,17.799629357690925,77.848532411498,0.0,0.0,0,0.0,0.0,0.0,66,84,0.09183975420815581,normal.
0.1892583176232419,udp,ftp,SF,11.032699153773356,159.87108644028547,0.0,0.0,0,0.0,0.0,0.0,74,12,0.06497880467642995,normal.
3.607289588492594,udp,http,SF,36.35300674094735,116.51076620612082,0.0,0.0,0,0.0,0.0,0.0,61,87,0.010343411486048337,normal.
0.7736205873347932,tcp,ftp,SF,49.98172012049255,17.832049513467922,0.0,0.0,0,0.0,0.0,0.0,43,4,0.04020272168882408,normal.
0.4128642132151131,udp,http,SF,137.18763714874532,915.9617569779144,0.0,0.0,0,0.0,0.0,0.0,25,87,0.07289392001051573,normal.
0.0832595195886904,tcp,ftp,SF,223.75864762358583,118.40265199964804,0.0,0.0,0,0.0,0.0,0.0,20,48,0.07798208840100682,normal.
1.787556809189167,udp,domain_u,S0,183.91600041845786,50.874876467065576,0.0,0.0,0,0.0,0.0,0.0,48,55,0.01182186222910886,normal.
2.2637034685346977,tcp,http,S0,71.99118398689679,784.8193335687422,0.0,0.0,0,0.0,0.0,0.0,296,1,1.0,neptune.
0.03345389511694124,tcp,ftp,REJ,121.44958683459996,25.15082546306575,0.0,0.0,0,0.0,0.0,0.0,87,89,0.0712137045880605,normal.
1.4352611690989767,tcp,domain_u,SF,28.774988795675245,12.892744672257676,0.0,0.0,0,0.0,0.0,0.0,24,66,0.03565961759862057,normal.
0.5136482941099153,udp,http,S0,64.61167955265302,1000.9763672524496,0.0,0.0,0,0.0,0.0,0.0,11,30,0.025448133161826026,normal.
2.072248683095384,udp,domain_u,SF,16.588502928049774,2532.802748592912,0.0,0.0,0,0.0,0.0,0.0,98,3,0.001289746978952544,normal.
0.3832084450782675,udp,smtp,SF,58.1302043374013,74.20681349404697,0.0,0.0,1,0.0,0.0,0.0,55,21,0.05402994067614997,normal.
2.348425055135438,tcp,smtp,S0,59.65910023324376,138.524192868551,0.0,0.0,0,0.0,0.0,0.0,28,89,0.08511507354259817,normal.
0.9779174019622036,udp,http,SF,305.55463655600147,26.575850519661014,0.0,0.0,0,0.0,0.0,0.0,69,84,0.0957631646272588,normal.
5.520687635608614,udp,ftp,SF,43.42421081783492,149.64096007613284,0.0,0.0,0,0.0,0.0,0.0,63,49,0.056574495061328924,normal.
0.2958888268785579,tcp,http,SF,59.74245087572747,72.70732270285785,0.0,0.0,0,0.0,0.0,0.0,59,86,0.05144613277398942,normal.
0.8342648679903435,icmp,domain_u,SF,69.1972703275575,127.33320854787837,0.0,0.0,0,0.0,0.0,0.0,5,85,0.00850563854892411,normal.
0.24088857007399284,tcp,ftp,REJ,34.645910102574355,274.20817519405773,0.0,0.0,0,0.0,0.0,0.0,51,62,0.054887280154259976,normal.
5.172380794301447,udp,smtp,SF,24.471453300152245,28.58213244626881,0.0,0.0,0,0.0,0.0,0.0,21,97,0.037997907896539465,normal.
4.196667414321988,tcp,ftp,SF,200.09881606330114,86.25284071120187,0.0,0.0,0,0.0,0.0,0.0,12,38,0.0607135280883577,normal.
0.5966547401229778,icmp,smtp,SF,20.472500714029554,9.917767715878254,0.0,0.0,0,0.0,0.0,0.0,50,15,0.038872634787654674,normal.
2.157525478087829,tcp,ftp,SF,14.470063489714551,87.14026605109298,0.0,0.0,0,0.0,0.0,0.0,4,52,0.024029912345036677,normal.
3.3989681452784426,udp,ftp,SF,107.79867631258585,129.00470720078556,0.0,0.0,0,0.0,0.0,0.0,42,79,0.009496527522837651,normal.
1.6202647213730161,icmp,ftp,SF,173.78429426337513,209.2382673093998,0.0,0.0,0,0.0,0.0,0.0,84,46,0.03149184445888958,normal.
1.5085588203878921,udp,domain_u,SF,34.76427720312785,212.58986871122585,0.0,0.0,0,0.0,0.0,0.0,38,25,0.009664483428775229,normal.
0.5537540908758063,icmp,domain_u,SF,35.30224333018296,575.8712584654395,0.0,0.0,0,0.0,0.0,0.0,25,21,0.017689695082398395,normal.
0.19545228094988146,icmp,http,SF,72.42441933136891,14.739046858825038,0.0,0.0,0,0.0,0.0,0.0,14,88,0.09873361585795459,normal.
4.550246450389046,tcp,http,SF,26.900565891810942,15.967963840591985,0.0,0.0,0,0.0,0.0,0.0,75,5,0.04441035569066187,normal.
4.6135488552968535,tcp,smtp,SF,24.985295689027367,328.1388705447346,0.0,0.0,0,0.0,0.0,0.0,32,70,0.053187176650501655,normal.
2.0053398389657695,udp,domain_u,S0,131.57704689484527,6.969601743622872,0.0,0.0,0,0.0,0.0,0.0,235,47,1.0,neptune.
0.8280930196226478,tcp,smtp,SF,100.19628386462419,195.3807693948046,0.0,0.0,0,0.0,0.0,0.0,61,87,0.09955689004906879,normal.
0.8591352316232879,tcp,http,SF,202.58486523174577,25.268551292592637,0.0,0.0,1,0.0,0.0,0.0,18,68,0.058271444934468154,normal.
2.588930859454236,icmp,smtp,SF,15.60218529776005,1570.6140890283991,0.0,0.0,0,0.0,0.0,0.0,27,91,0.08124738210441718,normal.
4.5481946982145045,tcp,http,SF,33.0340059127722,216.08646134395005,0.0,0.0,0,0.0,0.0,0.0,55,18,0.03269410243366753,normal.
4.3622651387932265,icmp,domain_u,SF,72.32570238094021,106.83290415668284,0.0,0.0,0,0.0,0.0,0.0,54,21,0.030574395744729112,normal.
3.0271243838618065,icmp,ftp,SF,21.636444758870443,935.9680260665102,0.0,0.0,0,0.0,0.0,0.0,82,92,0.040270372099456025,normal.
2.05462138713541,icmp,domain_u,SF,103.7192196638752,30.11119381440524,0.0,0.0,0,0.0,0.0,0.0,87,99,0.06725072626736492,normal.
0.1757834523921681,udp,smtp,SF,185.79187344302278,40.04026404149816,0.0,0.0,0,0.0,0.0,0.0,75,86,0.06821916892550987,normal.
0.352588429366823,udp,smtp,SF,30.46693593166723,22.37216941390891,0.0,0.0,0,0.0,0.0,0.0,21,23,0.03152394346494508,normal.
4.576461000355011,udp,domain_u,SF,56.746384224561176,40.54616333707239,0.0,0.0,0,0.0,0.0,0.0,44,64,0.01332099241366287,normal.
1.864987893931179,icmp,domain_u,S0,234.06964284674075,162.66183502863424,0.0,0.0,0,0.0,0.0,0.0,5,67,0.06323962564655086,normal.
0.01847921122198882,udp,http,SF,330.0590490666848,311.3531529553288,0.0,0.0,0,0.0,0.0,0.0,87,40,0.012832586218876452,normal.
0.21399380287189865,udp,smtp,SF,115.09999255677867,627.744055244198,0.0,0.0,2,0.0,0.0,0.0,41,10,0.05784925082293301,normal.
2.178324774580482,tcp,smtp,SF,98.83276439337018,9.611054338899839,0.0,0.0,0,0.0,0.0,0.0,59,89,0.0693422128056309,normal.
0.010148874103594005,udp,domain_u,SF,23.249031268982115,114.68686716256332,0.0,0.0,0,0.0,0.0,0.0,89,52,0.07006114963944517,normal.
0.3506316322083981,udp,ftp,SF,78.19528881921312,28.15579523533112,0.0,0.0,0,0.0,0.0,0.0,54,72,0.07534721106595968,normal.
1.5913956922778634,icmp,smtp,REJ,95.28008725059935,109.0786697546548,0.0,0.0,1,0.0,0.0,0.0,74,75,0.08728594215656646,normal.
2.3546305733096253,icmp,ftp,SF,44.24002142211365,4920.893359761753,0.0,0.0,0,0.0,0.0,0.0,22,61,0.049995899196478844,normal.
2.1108829642704974,icmp,domain_u,SF,30.121034414242953,229.93407628716258,0.0,0.0,0,0.0,0.0,0.0,83,64,0.07302491895295712,normal.
0.507899734616049,icmp,domain_u,SF,15.16063591938036,572.0334431535736,0.0,0.0,0,0.0,0.0,0.0,65,5,0.061917273536583675,normal.
2.4908345777970777,icmp,http,SF,9.604869840916153,2810.2729932775947,0.0,0.0,0,0.0,0.0,0.0,64,53,0.018663993979768256,normal.
0.5416475181056118,icmp,smtp,SF,7.784359176019765,805.1570606313497,0.0,0.0,0,0.0,0.0,0.0,71,55,0.002568964486940817,normal.
0.7872698178361689,udp,ftp,SF,97.46005218515627,75.80227311092936,0.0,0.0,0,0.0,0.0,0.0,4,37,0.02845413856769338,normal.
2.7447151033315813,icmp,http,SF,63.28822704659345,21.89485921323209,0.0,0.0,0,0.0,0.0,0.0,65,56,0.04430337063376194,normal.
2.097547628605536,icmp,smtp,SF,33.65591660627985,141.8519056914999,0.0,0.0,0,0.0,0.0,0.0,15,59,0.061710594442865634,normal.
3.783912154926802,tcp,http,SF,39.194785001695784,63.33520423900769,0.0,0.0,0,0.0,0.0,0.0,76,93,0.08499593305032055,normal.
2.143626576339525,udp,domain_u,SF,67.3882413172999,15.077718681548296,0.0,0.0,0,0.0,0.0,0.0,22,69,0.019624571670616566,normal.
1.6800886111745148,udp,smtp,SF,46.31365902812214,213.0203063057646,0.0,0.0,0,0.0,0.0,0.0,86,73,0.01255497898984771,normal.
0.19671412289682097,udp,http,SF,14.288382864406232,221.1473999049019,0.0,0.0,0,0.0,0.0,0.0,47,59,0.09634799474743276,normal.
0.9168326144140401,icmp,http,SF,136.04697360753937,2108.3797708716656,0.0,0.0,0,0.0,0.0,0.0,81,2,0.010804455937640713,normal.
0.6163202957176623,icmp,ftp,SF,74.00451987048702,86.25908612543458,0.0,0.0,1,0.0,0.0,0.0,93,65,0.04784910701071892,normal.
0.5594004073248425,icmp,http,SF,71.22888895055921,225.9202550975531,0.0,0.0,0,0.0,0.0,0.0,46,60,0.05855637287933019,normal.
7.2246188123258515,tcp,smtp,S0,126.16148373908976,54.694977049595714,0.0,0.0,0,0.0,0.0,0.0,234,51,1.0,neptune.
0.9987749940800476,icmp,smtp,S0,24.200048660868898,549.9097347054477,0.0,0.0,0,0.0,0.0,0.0,50,30,0.008603215703294321,normal.
4.452110422497046,tcp,ftp,S0,183.77853852349844,123.10938950582947,0.0,0.0,1,0.0,0.0,0.0,266,11,1.0,neptune.
1.9946687714729663,udp,smtp,SF,47.463317429937796,25.562146036413633,0.0,0.0,0,0.0,0.0,0.0,50,92,0.010548342746103568,normal.
3.1676505053767996,icmp,domain_u,SF,132.7674206256658,145.44416503554774,0.0,0.0,0,0.0,0.0,0.0,33,76,0.058558768387261255,normal.
1.3968706487775409,tcp,smtp,SF,113.80074104473206,266.60931479425346,0.0,0.0,0,0.0,0.0,0.0,59,39,0.05443448876343211,normal.
1.72031180528317,tcp,smtp,SF,19.321107902641604,217.65474767779213,0.0,0.0,0,0.0,0.0,0.0,43,90,0.023374079203674427,normal.
1.356586866683387,icmp,http,S0,90.27859642457302,712.5464287971204,0.0,0.0,0,0.0,0.0,0.0,233,77,1.0,neptune.
0.434429790650477,udp,http,REJ,75.66189543096048,16.91017381926488,0.0,0.0,0,0.0,0.0,0.0,12,72,0.08200675020556494,normal.
2.5635236061316076,udp,smtp,SF,56.27844811436261,41.92515962002797,0.0,0.0,0,0.0,0.0,0.0,40,63,0.004157895984659377,normal.
0.6591547367325259,udp,ftp,SF,49.681282373571634,387.4864954340389,0.0,0.0,1,0.0,0.0,0.0,20,64,0.04981299435480424,normal.
0.04923296216137723,tcp,http,S0,50.10429586795453,50.00367651667347,0.0,0.0,0,0.0,0.0,0.0,397,61,1.0,neptune.
2.073937572590548,tcp,ftp,S0,123.06213933444839,212.87536934109738,0.0,0.0,0,0.0,0.0,0.0,38,54,0.02523119270696871,normal.
0.3898671404496454,tcp,smtp,S0,97.31085194865463,3.9368547939948555,0.0,0.0,0,0.0,0.0,0.0,418,92,1.0,neptune.
5.642166294546606,tcp,smtp,S0,56.287858250700054,8724.756675346633,0.0,0.0,0,0.0,0.0,0.0,28,94,0.06136379029893838,normal.
6.1551248255760465,udp,domain_u,SF,12.281128962234655,99.02993742601137,0.0,0.0,0,0.0,0.0,0.0,56,73,0.0897935293443737,normal.
4.927019769267683,icmp,http,S0,89.5183304747253,889.7445419273254,0.0,0.0,0,0.0,0.0,0.0,90,95,0.08099244203028994,normal.
0.9245747929947334,tcp,smtp,SF,112.57431925992371,89.53711764741486,0.0,0.0,0,0.0,0.0,0.0,94,58,0.05831302190995835,normal.
0.031154630743888766,tcp,domain_u,S0,544.7952769377093,276.4549264692552,0.0,0.0,0,0.0,0.0,0.0,13,85,0.07302217177572493,normal.
5.2710469146637795,udp,http,SF,160.04148503661514,1391.1408842679912,0.0,0.0,1,0.0,0.0,0.0,77,56,0.036482247020779866,normal.
1.1178765541061226,icmp,smtp,S0,8.172898439259583,852.9569086551948,0.0,0.0,0,0.0,0.0,0.0,66,34,0.06409655280987578,normal.
6.801684032244112,icmp,smtp,SF,59.05264882836776,109.21490323089806,0.0,0.0,0,0.0,0.0,0.0,37,31,0.0466181591127557,normal.
6.627470952260411,udp,http,SF,334.078177067641,121.16079066250134,0.0,0.0,1,0.0,0.0,0.0,49,52,0.018993613645756094,normal.
3.834774034358838,udp,http,S0,101.85485981014568,668.7095699779459,0.0,0.0,0,0.0,0.0,0.0,268,89,1.0,neptune.
0.6975521363443206,icmp,http,SF,75.84199480225536,4914.113285452102,0.0,0.0,0,0.0,0.0,0.0,36,76,0.055646463734882204,normal.
0.9725838641973872,tcp,smtp,SF,134.32048975121688,198.03108465878222,0.0,0.0,0,0.0,0.0,0.0,54,1,0.035862158195359144,normal.
3.8094533049561594,icmp,smtp,SF,29.301004684519647,2795.0225703401493,0.0,0.0,0,0.0,0.0,0.0,26,55,0.09113391900786308,normal.
0.7622924628614342,udp,domain_u,SF,88.06630499586912,103.3248991519452,0.0,0.0,0,0.0,0.0,0.0,75,22,0.0020934117826733266,normal.
0.37143723259150957,tcp,ftp,SF,42.5011851323267,618.8980421249452,0.0,0.0,0,0.0,0.0,0.0,72,40,0.0315773151249496,normal.
1.6274739841204555,tcp,http,S0,53.53718794410118,774.125219938779,0.0,0.0,0,0.0,0.0,0.0,40,1,0.0056881397777646565,normal.
5.502586941614084,udp,smtp,SF,125.01759853781859,80.24297700473285,0.0,0.0,0,0.0,0.0,0.0,43,65,0.07665273162216273,normal.
2.3816511955158743,udp,smtp,REJ,21.612825194893396,48.39434078940742,0.0,0.0,0,0.0,0.0,0.0,22,63,0.07021074541137927,normal.
1.688224672871311,udp,http,SF,197.94366575079542,827.2308378189094,0.0,0.0,0,0.0,0.0,0.0,20,54,0.03313522187363171,normal.
0.20445639469864577,icmp,ftp,SF,35.77280754164349,66.86425999647935,0.0,0.0,0,0.0,0.0,0.0,8,42,0.0675662902207073,normal.
1.9090614310354355,icmp,http,SF,70.85693421723194,38.80212957151708,0.0,0.0,1,0.0,0.0,0.0,29,21,0.039593722619594984,normal.
9.221139495692634,tcp,ftp,S0,13.456900727614952,53.20012507088684,0.0,0.0,0,0.0,0.0,0.0,384,79,1.0,neptune.
0.3018411732845283,udp,smtp,SF,112.15000335386519,66.45865283193292,0.0,0.0,0,0.0,0.0,0.0,90,81,0.04541836627367061,normal.
1.4609906499630074,tcp,ftp,S0,231.94584923362962,536.424409722209,0.0,0.0,0,0.0,0.0,0.0,226,22,1.0,neptune.
4.197217275801589,tcp,domain_u,SF,32.63412274039162,321.3606491039112,0.0,0.0,0,0.0,0.0,0.0,81,38,0.0934729915488301,normal.
2.70006849670734,tcp,smtp,SF,17.98929058783571,434.1922320980318,0.0,0.0,1,0.0,0.0,0.0,84,99,0.025087909989070026,normal.
2.388148850603346,tcp,domain_u,REJ,72.09488255619425,279.23946652503383,0.0,0.0,0,0.0,0.0,0.0,55,80,0.012044733999656543,normal.
2.42457511244898,udp,http,REJ,233.880580417038,60.900400839893344,0.0,0.0,0,0.0,0.0,0.0,16,8,0.05845431132594582,normal.
0.8909846846298982,tcp,http,SF,12.808940895184609,422.2739541511133,0.0,0.0,0,0.0,0.0,0.0,46,62,0.0969321812284179,normal.
0.6951241685341903,udp,http,SF,18.059860410877164,874.5248758992135,0.0,0.0,0,0.0,0.0,0.0,62,47,0.037783921372718667,normal.
3.3147490145194247,udp,ftp,SF,34.667770166357116,356.6499698469971,0.0,0.0,0,0.0,0.0,0.0,7,17,0.006203676362878153,normal.
3.3226563981740576,icmp,smtp,SF,24.03848710949401,291.33792855606663,0.0,0.0,1,0.0,0.0,0.0,80,17,0.03393052673095675,normal.
4.03590009473583,udp,http,SF,24.11452927666103,46.9657325046107,0.0,0.0,0,0.0,0.0,0.0,45,90,0.05059316543195585,normal.
4.889231923673273,icmp,http,SF,6.725319087624744,203.9195632841429,0.0,0.0,0,0.0,0.0,0.0,59,13,0.01619230066322137,normal.
1.4321864738658074,udp,smtp,S0,98.40158851823172,43.36436434706857,0.0,0.0,0,0.0,0.0,0.0,493,17,1.0,neptune.
1.3923687551023984,udp,http,S0,76.60945502451517,143.15933101220153,0.0,0.0,0,0.0,0.0,0.0,48,38,0.09977493890102007,normal.
3.201899864616975,udp,domain_u,S0,9.985667353086296,12.674600638396212,0.0,0.0,0,0.0,0.0,0.0,307,81,1.0,neptune.
2.0994381497756005,icmp,smtp,SF,234.4390782653212,12.821999358217818,0.0,0.0,0,0.0,0.0,0.0,53,78,0.03547285567302127,normal.
2.421101297023034,icmp,smtp,SF,293.269597788969,111.43355177870795,0.0,0.0,0,0.0,0.0,0.0,87,45,0.040070416683446665,normal.
3.1772389499084097,tcp,smtp,S0,25.766996051663327,65.19224318236377,0.0,0.0,0,0.0,0.0,0.0,244,6,1.0,neptune.
4.414646952693534,icmp,domain_u,SF,175.30872999080373,174.19594568029657,0.0,0.0,0,0.0,0.0,0.0,73,35,0.08832736014262238,normal.
0.8249648142753084,icmp,smtp,REJ,30.784219199045342,121.24910293637309,0.0,0.0,0,0.0,0.0,0.0,35,14,0.0414825655521352,normal.
0.9418735774551127,icmp,domain_u,S0,65.43887561411994,155.2887334962835,0.0,0.0,0,0.0,0.0,0.0,324,72,1.0,neptune.
0.1973920783747211,icmp,smtp,S0,23.670696889455876,369.7810832103079,0.0,0.0,0,0.0,0.0,0.0,201,61,1.0,neptune.
1.7268280532188693,tcp,ftp,SF,499.8217443026895,74.07636840375302,0.0,0.0,0,0.0,0.0,0.0,37,15,0.04420334209311236,normal.
0.073208208421714,icmp,http,S0,40.6087180020045,106.78679563784294,0.0,0.0,0,0.0,0.0,0.0,243,54,1.0,neptune.
1.2532138963642192,udp,ftp,SF,61.95752210029557,1316.2365357482122,0.0,0.0,0,0.0,0.0,0.0,95,27,0.006144629013078751,normal.
1.564589171374252,udp,http,S0,27.4416686683128,149.1013372044033,0.0,0.0,0,0.0,0.0,0.0,328,13,1.0,neptune.
0.675261320629045,icmp,domain_u,S0,351.18585938365663,113.42981641266876,0.0,0.0,0,0.0,0.0,0.0,8,31,0.09405039528794026,normal.
1.7872650602923505,icmp,ftp,S0,360.1838682090363,167.96725488130983,0.0,0.0,0,0.0,0.0,0.0,318,35,1.0,neptune.
0.06195012420294909,udp,smtp,SF,278.9211655840491,116.50724273654309,0.0,0.0,0,0.0,0.0,0.0,95,60,0.09545659288588108,normal.
0.07612699856557877,udp,http,S0,142.0871139963567,51.194984106175966,0.0,0.0,0,0.0,0.0,0.0,209,6,1.0,neptune.
3.458702739076272,tcp,http,SF,29.23043476858119,33.213460955962965,0.0,0.0,0,0.0,0.0,0.0,20,69,0.04774161894803537,normal.
0.8931700484154894,udp,ftp,REJ,124.94205826564426,47.221674361998986,0.0,0.0,0,0.0,0.0,0.0,53,86,0.06018067339454473,normal.
0.271778082594856,udp,domain_u,SF,54.214977129467755,549.7033560879191,0.0,0.0,0,0.0,0.0,0.0,12,58,0.05817366474211867,normal.
1.4773071765580312,icmp,ftp,SF,202.83820098265758,57.69336167425606,0.0,0.0,0,0.0,0.0,0.0,49,49,0.040146177908904325,normal.
2.9392958808914704,udp,domain_u,SF,166.65104133437868,117.63811584106266,0.0,0.0,0,0.0,0.0,0.0,17,23,0.03380844093662614,normal.
0.4862360068598067,tcp,domain_u,SF,28.52367436497248,424.58169097621885,0.0,0.0,1,0.0,0.0,0.0,64,89,0.01268240225504188,normal.
1.9504392373129857,udp,http,SF,140.86835515020465,97.75000439074023,0.0,0.0,0,0.0,0.0,0.0,42,34,0.039174245056227824,normal.
0.17842205797979457,icmp,ftp,SF,107.98954858106538,383.76944639616545,0.0,0.0,0,0.0,0.0,0.0,94,26,0.016266081510548515,normal.
0.10613019182061881,icmp,ftp,REJ,3.4090618532211767,14.714162073301729,0.0,0.0,0,0.0,0.0,0.0,29,47,0.07343656764922184,normal.
1.5158178812510419,udp,domain_u,SF,121.62428230798805,121.65935663863162,0.0,0.0,1,0.0,0.0,0.0,19,5,0.020883093549458998,normal.
1.5558208853894844,icmp,ftp,SF,35.45287009080714,167.0585157737179,0.0,0.0,0,0.0,0.0,0.0,11,90,0.005856530528453386,normal.
2.0290748964092318,tcp,smtp,REJ,22.5099525208255,153.65473188913344,0.0,0.0,0,0.0,0.0,0.0,98,20,0.05523661378172343,normal.
2.5899211258333685,tcp,smtp,SF,23.493866702577556,12.436329073911496,0.0,0.0,0,0.0,0.0,0.0,50,6,0.059522973271940165,normal.
7.4471140173999855,udp,ftp,S0,47.691686923272975,902.0491148615214,0.0,0.0,0,0.0,0.0,0.0,71,70,0.08719130612805055,normal.
1.4525822384607125,udp,ftp,SF,88.23992986170822,41.18155996678858,0.0,0.0,0,0.0,0.0,0.0,58,59,0.05769816124176819,normal.
0.7800394282119576,udp,domain_u,SF,13.93687183134436,245.31808826203243,0.0,0.0,0,0.0,0.0,0.0,34,64,0.03454808537234457,normal.
3.1713079594653726,icmp,smtp,S0,66.01274544677477,150.19679846719347,0.0,0.0,0,0.0,0.0,0.0,20,18,0.08030118815263206,normal.
0.6317029308722746,tcp,smtp,SF,97.19877088720443,668.8529870736619,0.0,0.0,0,0.0,0.0,0.0,50,4,0.05402788931874211,normal.
1.1559668625466026,tcp,http,SF,351.35804812631613,3949.0615368565846,0.0,0.0,1,0.0,0.0,0.0,88,17,0.007928028463119175,normal.
0.1634103371673398,icmp,domain_u,SF,18.602757655442524,21.422746394970165,0.0,0.0,0,0.0,0.0,0.0,10,14,0.05658505603132467,normal.
0.05135521908294876,tcp,http,SF,38.48958992689707,56.07158500667679,0.0,0.0,0,0.0,0.0,0.0,32,78,0.09080185454216624,normal.
6.574759846537204,udp,smtp,S0,70.927836489429,197.08571601045185,0.0,0.0,0,0.0,0.0,0.0,277,13,1.0,neptune.
3.615535284230125,udp,domain_u,SF,171.9853554045201,28.274773848084894,0.0,0.0,0,0.0,0.0,0.0,15,7,0.02963258018998001,normal.
2.3812854655986833,udp,ftp,REJ,40.276820058915035,479.75421080621635,0.0,0.0,0,0.0,0.0,0.0,84,44,0.014346945701802005,normal.
1.0517192889302838,tcp,domain_u,SF,181.02612755685576,525.8725764185682,0.0,0.0,0,0.0,0.0,0.0,3,15,0.015144552193535733,normal.
0.3806130722842175,udp,ftp,SF,7.866692313301147,343.4953635816974,0.0,0.0,0,0.0,0.0,0.0,37,19,0.04327714843418189,normal.
0.3402414831457083,icmp,ftp,SF,15.590344913988798,211.6370176490464,0.0,0.0,0,0.0,0.0,0.0,40,63,0.05956798241615296,normal.
0.5760119782531672,icmp,domain_u,SF,77.37349997090735,1158.1314506758288,0.0,0.0,0,0.0,0.0,0.0,72,35,0.008061540516960175,normal.
1.5935812966266292,tcp,ftp,SF,13.318785761522198,26.2210304442531,0.0,0.0,0,0.0,0.0,0.0,40,81,0.09395685890251658,normal.
2.5076985755535515,icmp,http,REJ,16.86987476897892,163.6781980257841,0.0,0.0,0,0.0,0.0,0.0,56,35,0.0755133617445196,normal.
2.158780699393597,icmp,smtp,SF,32.20826626001875,48.99879455573575,0.0,0.0,0,0.0,0.0,0.0,23,19,0.05866239182836627,normal.
0.6568245227779919,tcp,ftp,SF,118.08904894270779,563.8986286163876,0.0,0.0,0,0.0,0.0,0.0,11,20,0.08284386709389908,normal.
6.196206997112613,udp,http,SF,8.199188276443714,9.487624386860626,0.0,0.0,0,0.0,0.0,0.0,64,35,0.00801867568121133,normal.
2.6780348097504527,udp,ftp,SF,64.73476363040474,142.2909921991608,0.0,0.0,1,0.0,0.0,0.0,8,32,0.04768388777331244,normal.
1.6164609638626626,udp,smtp,SF,153.38697048427724,245.39226961147935,0.0,0.0,0,0.0,0.0,0.0,93,48,0.06300931268616634,normal.
1.8920609440748701,tcp,http,SF,44.92771170548321,35.82914962884261,0.0,0.0,0,0.0,0.0,0.0,94,44,0.08286529061182893,normal.
1.0880757310641027,icmp,smtp,S0,37.756957766514184,58.01577472983305,0.0,0.0,0,0.0,0.0,0.0,56,24,0.07834695600492678,normal.
0.569322584548127,udp,smtp,SF,81.59526901717376,151.876618686809,0.0,0.0,0,0.0,0.0,0.0,60,61,0.027706924971339964,normal.
0.8800282586462248,udp,http,SF,45.05522444616675,621.8162114933835,0.0,0.0,0,0.0,0.0,0.0,10,17,0.09408801695592044,normal.
2.8363636955134264,tcp,http,SF,219.312966674976,31.522329165981898,0.0,0.0,0,0.0,0.0,0.0,39,71,0.012434584143087036,normal.
0.028996159441608552,udp,http,SF,17.96790279103773,40.948905795356765,0.0,0.0,0,0.0,0.0,0.0,28,50,0.08751336186211522,normal.
0.2467607844799521,tcp,domain_u,SF,51.85004719178527,803.0216352102979,0.0,0.0,0,0.0,0.0,0.0,49,65,0.09709402496046186,normal.
0.09418875390504106,icmp,http,SF,67.06661471706204,98.54732603197276,0.0,0.0,0,0.0,0.0,0.0,36,99,0.017715352322262557,normal.
0.08316290383458486,tcp,http,SF,37.39533440665328,46.23288956850514,0.0,0.0,1,0.0,0.0,0.0,13,32,0.07220660642037853,normal.
3.868406067231317,tcp,http,SF,3.09168836163914,442.7597048155266,0.0,0.0,0,0.0,0.0,0.0,96,36,0.004028551877799847,normal.
2.4324812234013766,tcp,http,SF,46.48339220662351,71.35764629200565,0.0,0.0,0,0.0,0.0,0.0,36,13,0.0405422825139155,normal.
1.2855691888257847,tcp,ftp,SF,134.313549321813,693.0709001726699,0.0,0.0,0,0.0,0.0,0.0,26,70,0.0516283299197674,normal.
0.2059138368956265,icmp,domain_u,S0,118.8793586627428,54.83997695822852,0.0,0.0,0,0.0,0.0,0.0,86,58,0.05806452259096341,normal.
1.3530359315944664,icmp,smtp,S0,77.84957835699328,116.81694737561786,0.0,0.0,0,0.0,0.0,0.0,4,14,0.09359372482485595,normal.
1.2829006641887424,udp,http,SF,18.213036732641424,612.4439929051366,0.0,0.0,0,0.0,0.0,0.0,95,37,0.06722506872941947,normal.
0.38038942560044997,icmp,ftp,S0,81.0697149145117,105.70040169915148,0.0,0.0,0,0.0,0.0,0.0,82,79,0.0481277951219237,normal.
1.1377982626046477,icmp,ftp,SF,30.770676612778715,461.31448161255605,0.0,0.0,0,0.0,0.0,0.0,64,68,0.08096750362658894,normal.
1.0166732291664138,udp,ftp,SF,77.74878360216024,134.51538644081424,0.0,0.0,0,0.0,0.0,0.0,38,40,0.0950532820954409,normal.
1.913444865826269,icmp,smtp,S0,61.65195937857357,2900.20791896703,0.0,0.0,0,0.0,0.0,0.0,296,59,1.0,neptune.
2.016229072081824,tcp,http,SF,20.565701834434858,1561.134229353047,0.0,0.0,0,0.0,0.0,0.0,87,80,0.09825212722560388,normal.
0.09272464804106946,tcp,domain_u,S0,22.366049474476494,20.243942365364372,0.0,0.0,0,0.0,0.0,0.0,254,92,1.0,neptune.
0.938768009310123,udp,domain_u,REJ,77.86857381097673,324.8506446802372,0.0,0.0,0,0.0,0.0,0.0,2,16,0.08143867792687615,normal.
1.966249989565457,udp,ftp,SF,43.767297439513214,43.614690027693875,0.0,0.0,0,0.0,0.0,0.0,31,62,0.02803347525514125,normal.
1.3988789052155794,udp,smtp,SF,23.56396337411281,197.80078902586945,0.0,0.0,0,0.0,0.0,0.0,11,4,0.013217965775387176,normal.
3.8826989063508774,tcp,smtp,SF,21.696909049229156,164.44167432603277,0.0,0.0,0,0.0,0.0,0.0,92,45,0.04398556397138349,normal.
2.1499495281099956,icmp,smtp,REJ,40.29265329709875,30.475390051836246,0.0,0.0,0,0.0,0.0,0.0,46,90,0.06439565794476136,normal.
0.35570573753461465,tcp,domain_u,SF,261.9372037574778,726.128368489192,0.0,0.0,0,0.0,0.0,0.0,96,28,0.0380951845023475,normal.
0.14636487251248168,udp,ftp,SF,32.26302919784614,201.33182456448392,0.0,0.0,0,0.0,0.0,0.0,62,96,0.005456540828269896,normal.
2.056788294217782,icmp,http,SF,53.83804975701838,96.83179939579684,0.0,0.0,0,0.0,0.0,0.0,69,66,0.05994611396587166,normal.
0.05373814533478886,icmp,domain_u,SF,60.43958600464153,76.92533404188394,0.0,0.0,0,0.0,0.0,0.0,64,31,0.09024032761106748,normal.
1.7626947556145813,tcp,ftp,REJ,17.618925001354654,183.03281517267357,0.0,0.0,0,0.0,0.0,0.0,10,3,0.038321536594725175,normal.
5.634510910774304,udp,ftp,REJ,9.36676247397284,273.6602918092221,0.0,0.0,0,0.0,0.0,0.0,40,8,0.021633277763082704,normal.
1.713564891155089,tcp,http,SF,19.557508227591068,123.0432993255711,0.0,0.0,0,0.0,0.0,0.0,24,24,0.04425773459328154,normal.
0.9826013844478145,icmp,http,REJ,69.90081983160879,2.119585697409716,0.0,0.0,1,0.0,0.0,0.0,99,15,0.004836271104878088,normal.
2.061654315689964,tcp,http,SF,59.58066197502914,152.2214052291425,0.0,0.0,1,0.0,0.0,0.0,44,43,0.08204875844802749,normal.
1.2259119481021825,tcp,smtp,S0,110.21208656480349,17.077757871538864,0.0,0.0,0,0.0,0.0,0.0,60,31,0.08263408109501869,normal.
1.5776287211526403,udp,http,SF,60.1444936722355,108.39924797986772,0.0,0.0,0,0.0,0.0,0.0,62,73,0.05880004634296285,normal.
5.676254292465998,udp,ftp,SF,48.93293604611762,18.05014313014797,0.0,0.0,0,0.0,0.0,0.0,87,45,0.03531028889383895,normal.
0.9758550547003743,icmp,http,SF,29.8441167041637,17.72991892612009,0.0,0.0,1,0.0,0.0,0.0,17,66,0.07997833644457834,normal.
6.498183723013508,tcp,ftp,SF,132.238457607909,946.4164866763542,0.0,0.0,0,0.0,0.0,0.0,65,8,0.05546870247883672,normal.
4.715152367539838,tcp,domain_u,SF,21.77624858251972,91.82292816466692,0.0,0.0,0,0.0,0.0,0.0,95,71,0.08259323085500163,normal.
0.4357925218809,tcp,smtp,SF,17.98612239895331,81.85969623471024,0.0,0.0,0,0.0,0.0,0.0,95,57,0.06314587925830206,normal.
0.14376831060631404,icmp,domain_u,S0,96.26025542751371,306.0615033948962,0.0,0.0,0,0.0,0.0,0.0,280,80,1.0,neptune.
0.21245067096326042,icmp,domain_u,SF,14.394449621759202,85.12444251153063,0.0,0.0,0,0.0,0.0,0.0,55,99,0.059856299321775996,normal.
0.03677977569446741,udp,ftp,SF,610.8130867220783,3483.2085258767993,0.0,0.0,0,0.0,0.0,0.0,53,30,0.041414106821566626,normal.
0.19841002331150828,udp,domain_u,SF,59.14507834123844,98.54076879189344,0.0,0.0,0,0.0,0.0,0.0,56,74,0.09579458599261376,normal.
2.2977497451543343,udp,ftp,REJ,77.31640176438933,256.643539935993,0.0,0.0,0,0.0,0.0,0.0,98,18,0.054111382487884475,normal.
0.14769925389285404,tcp,http,SF,24.326837760033662,636.772212268661,0.0,0.0,0,0.0,0.0,0.0,9,69,0.06050895185405384,normal.
0.768314376589737,tcp,http,SF,39.834571095921184,1641.523147724107,0.0,0.0,0,0.0,0.0,0.0,22,93,0.022048763941474925,normal.
3.727052080194554,udp,ftp,SF,35.63195626540391,48.76392494302782,0.0,0.0,0,0.0,0.0,0.0,13,39,0.06256507894272766,normal.
0.04709400636142302,tcp,http,S0,31.758646289099488,79.28545895051916,0.0,0.0,0,0.0,0.0,0.0,308,60,1.0,neptune.
3.369061012371917,udp,smtp,SF,102.81813536412312,1004.1410846512113,0.0,0.0,0,0.0,0.0,0.0,48,98,0.018483839794702497,normal.
0.6621669336792589,icmp,domain_u,SF,34.82808013264539,500.2427377309657,0.0,0.0,0,0.0,0.0,0.0,18,43,0.005958709735314371,normal.
0.2515002396582153,udp,smtp,S0,151.0334339335284,744.5380087215764,0.0,0.0,0,0.0,0.0,0.0,76,45,0.06043593197147711,normal.
2.386310816879827,icmp,domain_u,REJ,783.0388801482951,19.04763952907651,0.0,0.0,0,0.0,0.0,0.0,40,23,0.07636922693503206,normal.
1.9827983528664406,tcp,http,SF,40.62805183226837,1513.2268415720678,0.0,0.0,0,0.0,0.0,0.0,17,69,0.052340137092200825,normal.
4.1988316281738935,udp,smtp,SF,63.58105277233041,47.36524278154809,0.0,0.0,0,0.0,0.0,0.0,15,94,0.022677262531964573,normal.
2.6565871575288007,tcp,http,SF,79.79669257477997,198.03414537449524,0.0,0.0,0,0.0,0.0,0.0,15,6,0.0666521976693035,normal.
3.2539916119879564,icmp,domain_u,S0,334.1215378596049,118.82664705808062,0.0,0.0,0,0.0,0.0,0.0,79,56,0.008010572660960225,normal.
0.6626677246134771,icmp,ftp,SF,50.2671717514891,39.736721905284924,0.0,0.0,0,0.0,0.0,0.0,63,4,0.044183370480195466,normal.
0.39066659208089394,icmp,ftp,SF,23.830900534389556,17.835598125617352,0.0,0.0,0,0.0,0.0,0.0,39,93,0.01633667583984202,normal.
2.7775127920108496,tcp,smtp,REJ,15.389100427288616,10.850680805304767,0.0,0.0,0,0.0,0.0,0.0,13,23,0.018445905105988338,normal.
3.288418366486839,tcp,http,SF,51.52236846859607,177.4213849438889,0.0,0.0,0,0.0,0.0,0.0,81,6,0.020229394915820365,normal.
9.314009780280461,tcp,http,SF,34.8697531302898,15.059685885983583,0.0,0.0,0,0.0,0.0,0.0,32,32,0.03867070570439779,normal.
1.06415870830521,tcp,smtp,SF,407.48710552629,27.09303292974368,0.0,0.0,0,0.0,0.0,0.0,9,18,0.005115020562039763,normal.
0.9304878239234654,icmp,ftp,S0,320.4936363165332,107.0125569985182,0.0,0.0,0,0.0,0.0,0.0,295,15,1.0,neptune.
2.995909006687174,icmp,domain_u,SF,19.40687087297502,2.8342780526796902,0.0,0.0,0,0.0,0.0,0.0,20,40,0.05117074471147009,normal.
0.8334673418615063,udp,smtp,SF,26.822468052330905,477.4548345255179,0.0,0.0,0,0.0,0.0,0.0,90,96,0.04832942849663252,normal.
5.340275848798653,udp,domain_u,SF,58.77814533781394,3.99549609043476,0.0,0.0,0,0.0,0.0,0.0,91,73,0.03827841004030406,normal.
3.9096783143324982,tcp,ftp,SF,220.79317918615996,132.15049846420428,0.0,0.0,0,0.0,0.0,0.0,85,74,0.08391466080707526,normal.
1.1207112188843193,icmp,http,REJ,57.80140806518982,151.79468328746916,0.0,0.0,0,0.0,0.0,0.0,82,84,0.014532669242050412,normal.
2.779569432990922,icmp,ftp,SF,28.58149161512543,332.65056353779164,0.0,0.0,0,0.0,0.0,0.0,77,6,0.0505696743781374,normal.
2.8092659737100343,icmp,smtp,REJ,51.47612922890265,139.41830415519377,0.0,0.0,0,0.0,0.0,0.0,80,63,0.00620414169565543,normal.
0.21767503761343604,udp,http,SF,29.122618377732675,3062.117489761682,0.0,0.0,0,0.0,0.0,0.0,73,67,0.007115567887790975,normal.
4.656891361735264,udp,smtp,S0,99.73106462599605,205.30061555763317,0.0,0.0,0,0.0,0.0,0.0,63,11,0.05738658496770963,normal.
1.4074149795135087,icmp,smtp,SF,26.868814137739925,720.84100933199,0.0,0.0,0,0.0,0.0,0.0,76,43,0.0566018424887821,normal.
3.50266511504666,icmp,ftp,SF,32.77165443069939,50.13933283981469,0.0,0.0,0,0.0,0.0,0.0,44,17,0.0878033512844457,normal.
0.7714708523290166,icmp,smtp,SF,174.50158303865626,177.88463270331266,0.0,0.0,0,0.0,0.0,0.0,38,96,0.05578736756600732,normal.
4.517581029091852,udp,ftp,S0,25.32102435170014,1512.2518987163057,0.0,0.0,0,0.0,0.0,0.0,339,4,1.0,neptune.
0.9859769081203424,icmp,http,SF,12.856788598429148,103.90295234593613,0.0,0.0,1,0.0,0.0,0.0,60,63,0.004869484839992977,normal.
0.021793613230350957,icmp,ftp,S0,60.038963994184634,198.01685360570772,0.0,0.0,0,0.0,0.0,0.0,361,68,1.0,neptune.
4.715814593924907,tcp,http,SF,38.07380815746907,646.3105874096856,0.0,0.0,0,0.0,0.0,0.0,99,81,0.004406586157038139,normal.
0.1914512210969505,tcp,ftp,S0,91.05060955960491,48.74758802026888,0.0,0.0,0,0.0,0.0,0.0,48,41,0.018527685033354002,normal.
0.7693072667700778,udp,domain_u,SF,74.9987865994242,5.798849292483299,0.0,0.0,0,0.0,0.0,0.0,18,83,0.054127011094167815,normal.
5.993944766376571,icmp,domain_u,SF,52.88297774675979,217.75280133604556,0.0,0.0,0,0.0,0.0,0.0,16,5,0.0645572181427428,normal.
6.015899080207979,icmp,smtp,SF,51.36497780322498,653.9322507965743,0.0,0.0,0,0.0,0.0,0.0,55,32,0.00455851579486688,normal.
1.7039945821105276,tcp,ftp,S0,26.157646336034574,19.547186297307835,0.0,0.0,0,0.0,0.0,0.0,39,86,0.09459708898455993,normal.
1.9984601607810493,udp,ftp,SF,59.343765606262004,405.5847471467964,0.0,0.0,0,0.0,0.0,0.0,68,70,0.08421653766503812,normal.
1.1900293272457152,tcp,http,SF,131.7998892042694,409.70999535014545,0.0,0.0,0,0.0,0.0,0.0,59,35,0.029661248215709313,normal.
0.694045557492394,tcp,smtp,SF,20.626017381674618,4.902550654061812,0.0,0.0,0,0.0,0.0,0.0,89,22,0.007718753022646796,normal.
0.7969726691007795,tcp,ftp,SF,54.30425710760208,36.436355416960645,0.0,0.0,0,0.0,0.0,0.0,96,65,0.016988707321905726,normal.
2.2326471598570126,tcp,smtp,SF,154.2213265027862,81.96209046004599,0.0,0.0,0,0.0,0.0,0.0,62,84,0.012694441375497268,normal.
2.7916757473261544,icmp,domain_u,S0,90.506719196651,113.35947902864575,0.0,0.0,0,0.0,0.0,0.0,329,22,1.0,neptune.
3.1363908324422973,icmp,ftp,SF,202.24359694970917,48.681476716990815,0.0,0.0,0,0.0,0.0,0.0,81,11,0.0518561688665734,normal.
3.1176620636974834,tcp,ftp,SF,30.934054677431284,44.90260427006843,0.0,0.0,0,0.0,0.0,0.0,6,77,0.02458474424934003,normal.
0.19127389308063888,udp,smtp,SF,8.751556336705695,1821.151617391431,0.0,0.0,0,0.0,0.0,0.0,83,3,0.035813971652914445,normal.
1.364099193146712,udp,ftp,SF,66.72981162415653,126.30016076171303,0.0,0.0,0,0.0,0.0,0.0,77,9,0.09895053333843225,normal.
0.11856341289747559,udp,smtp,SF,78.45857786615754,52.322919674877745,0.0,0.0,0,0.0,0.0,0.0,60,60,0.06843142489253448,normal.
1.5949226313907858,udp,ftp,SF,214.5240717050286,139.52527736993122,0.0,0.0,0,0.0,0.0,0.0,90,76,0.09489806670470013,normal.
1.165110549974567,tcp,http,SF,179.13607896567328,332.1664669040104,0.0,0.0,0,0.0,0.0,0.0,14,87,0.01425565550331156,normal.
4.373237328441602,icmp,smtp,SF,93.38620376346432,160.3629309734113,0.0,0.0,0,0.0,0.0,0.0,95,14,0.03821394748325693,normal.
0.8643832389357702,udp,ftp,SF,117.37691048640362,109.00661993766712,0.0,0.0,0,0.0,0.0,0.0,54,97,0.05547318032823543,normal.
0.24901195510490173,tcp,domain_u,SF,45.06827408148968,55.97890912316362,0.0,0.0,0,0.0,0.0,0.0,4,18,0.007675806188873802,normal.
0.30861530908423873,udp,ftp,SF,16.133298866541235,54.97088776860271,0.0,0.0,0,0.0,0.0,0.0,39,73,0.00041874436279578655,normal.
2.8668610941581876,udp,domain_u,SF,61.4191218457347,60.538977892337954,0.0,0.0,0,0.0,0.0,0.0,72,23,0.06704343337969175,normal.
1.92581135949607,tcp,domain_u,S0,145.8492368147505,246.71205841854328,0.0,0.0,0,0.0,0.0,0.0,25,74,0.06418195168014354,normal.
0.21321742449077088,icmp,http,SF,105.25235733865141,33.40581081666409,0.0,0.0,0,0.0,0.0,0.0,77,83,0.04107888099996118,normal.
0.17571104333721016,icmp,smtp,SF,125.68858991978064,267.7098742106777,0.0,0.0,0,0.0,0.0,0.0,32,47,0.04896440760320327,normal.
2.4144169433061995,tcp,ftp,SF,35.59639301613311,1235.822641068558,0.0,0.0,0,0.0,0.0,0.0,59,69,0.04154430005920896,normal.
0.15109217905159428,icmp,http,SF,41.8651258599929,241.90885832340447,0.0,0.0,0,0.0,0.0,0.0,63,47,0.002400504484488886,normal.
3.4503717076171627,tcp,ftp,SF,88.53743776124601,85.2528636348671,0.0,0.0,0,0.0,0.0,0.0,38,87,0.03353716062174624,normal.
2.44999950626001,tcp,domain_u,SF,31.610603101279505,21.17475504647448,0.0,0.0,0,0.0,0.0,0.0,92,30,0.017708225539728985,normal.
0.16969750116062413,tcp,smtp,SF,32.59904293328435,1583.1316350670313,0.0,0.0,0,0.0,0.0,0.0,53,25,0.009842418910136874,normal.
0.17730773555561338,icmp,ftp,SF,73.55123486558816,25.66103065239475,0.0,0.0,0,0.0,0.0,0.0,94,28,0.09567204338893498,normal.
8.630917124116184,tcp,ftp,SF,116.85159877274026,529.9820042442739,0.0,0.0,0,0.0,0.0,0.0,67,98,0.05993597250421656,normal.
0.9376751651045792,udp,domain_u,SF,44.72225831969763,386.74934308191814,0.0,0.0,0,0.0,0.0,0.0,28,25,0.07286562842366028,normal.
0.926110520950625,icmp,ftp,S0,17.061262433528544,104.04745525053849,0.0,0.0,0,0.0,0.0,0.0,3,74,0.03153637432661175,normal.
3.351150806565354,icmp,ftp,SF,26.159072863341102,100.03616737290692,0.0,0.0,0,0.0,0.0,0.0,98,78,0.039314712949401524,normal.
5.8843290759264875,icmp,domain_u,REJ,66.93165906671422,9.45395421029932,0.0,0.0,0,0.0,0.0,0.0,80,58,0.02369239938967235,normal.
8.537547879203968,icmp,http,SF,66.12328564480956,243.49526608856297,0.0,0.0,0,0.0,0.0,0.0,22,94,0.009696567096542475,normal.
2.7997984602326835,udp,domain_u,S0,69.49384153624969,376.11295051842234,0.0,0.0,0,0.0,0.0,0.0,438,41,1.0,neptune.
0.9440419992382513,icmp,http,SF,91.95462883770779,28.973448040672558,0.0,0.0,0,0.0,0.0,0.0,38,25,0.07975140452964859,normal.
0.17438798739591452,icmp,smtp,SF,54.91631925548343,117.47996266203376,0.0,0.0,0,0.0,0.0,0.0,72,78,0.06775458051837759,normal.
3.0024850809092514,tcp,http,S0,71.16890851173818,157.0859130428832,0.0,0.0,0,0.0,0.0,0.0,72,99,0.05469288759854769,normal.
1.634720815122986,icmp,http,SF,52.19429392704171,356.6871053709506,0.0,0.0,0,0.0,0.0,0.0,62,48,0.04750898728667681,normal.
1.1040662506099475,udp,smtp,REJ,172.21324112820102,149.26221839047994,0.0,0.0,0,0.0,0.0,0.0,57,98,0.09224342836561245,normal.
4.736475350956181,udp,http,SF,228.68420427968084,12.942558231851494,0.0,0.0,0,0.0,0.0,0.0,6,10,0.0072734947778668405,normal.
0.2357604159437605,udp,domain_u,REJ,16.626348858888985,67.02685405002934,0.0,0.0,0,0.0,0.0,0.0,78,99,0.0280600813237916,normal.
1.3570102187459085,udp,http,SF,42.29834914128045,207.8753618213945,0.0,0.0,0,0.0,0.0,0.0,32,75,0.03499378535707141,normal.
0.022837178865083338,icmp,smtp,SF,56.41440262192391,524.4198023314746,0.0,0.0,0,0.0,0.0,0.0,99,11,0.07824258122127879,normal.
1.2647087391658525,icmp,domain_u,SF,41.80789879162641,58.76492045127267,0.0,0.0,1,0.0,0.0,0.0,10,85,0.09925146201619714,normal.
0.11590086213185155,udp,smtp,SF,327.97014776507905,3950.0156180538315,0.0,0.0,0,0.0,0.0,0.0,3,21,0.024067051475715306,normal.
0.25298199186234244,udp,smtp,SF,68.30310850707312,8.656326117830684,0.0,0.0,0,0.0,0.0,0.0,59,86,0.08743073341370806,normal.
0.25005246401491255,icmp,ftp,SF,24.401099016622226,63.71689387680799,0.0,0.0,0,0.0,0.0,0.0,76,45,0.08306227604317913,normal.
2.095136772813943,udp,ftp,S0,99.13101306578419,131.03305174315133,0.0,0.0,0,0.0,0.0,0.0,49,7,0.022465739764176665,normal.
2.7411954351929455,tcp,smtp,S0,71.59137020548593,109.82368922545525,0.0,0.0,0,0.0,0.0,0.0,286,81,1.0,neptune.
1.751107554405737,udp,smtp,SF,74.00945975443469,23.377791845369508,0.0,0.0,1,0.0,0.0,0.0,31,64,0.04096728692925192,normal.
6.549440418204754,udp,smtp,SF,332.91132352582173,290.5549228613198,0.0,0.0,0,0.0,0.0,0.0,93,64,0.09782206685265583,normal.
0.9395931558405344,tcp,ftp,SF,77.53932102489522,258.9515754827421,0.0,0.0,0,0.0,0.0,0.0,69,2,0.018089190137889833,normal.
0.6729383148411174,tcp,ftp,S0,40.29947639248825,159.48377118189507,0.0,0.0,0,0.0,0.0,0.0,368,76,1.0,neptune.
4.059005076340459,icmp,http,SF,7.727022290406171,244.14585055466378,0.0,0.0,0,0.0,0.0,0.0,52,42,0.03341927141731099,normal.
0.5061641354637068,icmp,http,SF,46.274959435210576,78.59714556650552,0.0,0.0,0,0.0,0.0,0.0,89,82,0.07308703457761605,normal.
6.605740212503822,tcp,smtp,SF,201.536381275966,13.117609639913004,0.0,0.0,0,0.0,0.0,0.0,41,54,0.042001100429566285,normal.
0.024457888717938615,tcp,domain_u,SF,49.84064822149179,50.65511409626057,0.0,0.0,2,0.0,0.0,0.0,31,75,0.057835976311654005,normal.
7.0050538457589635,icmp,domain_u,SF,5.8121473696178665,187.83837246256795,0.0,0.0,0,0.0,0.0,0.0,85,16,0.08326117733261312,normal.
0.08823799723700379,udp,ftp,SF,33.169726509455295,189.4483868031726,0.0,0.0,0,0.0,0.0,0.0,84,18,0.08041655649838841,normal.
4.435442458320018,tcp,ftp,SF,147.3319993101781,157.91684213590705,0.0,0.0,0,0.0,0.0,0.0,22,99,0.08664231835397002,normal.
1.5002865006987807,icmp,ftp,SF,94.2374041627913,338.00557924119744,0.0,0.0,0,0.0,0.0,0.0,4,59,0.005961732534465903,normal.
9.913657215852066,udp,smtp,SF,23.573403436475967,62.07112666758691,0.0,0.0,0,0.0,0.0,0.0,13,90,0.06920505530397449,normal.
0.15332275190890987,tcp,domain_u,SF,31.0225768097663,154.47334939999917,0.0,0.0,0,0.0,0.0,0.0,45,16,0.013998737672176288,normal.
1.6142193274666976,udp,http,REJ,36.208407414939906,350.07211202112916,0.0,0.0,0,0.0,0.0,0.0,42,6,0.0415818568018411,normal.
6.96715044251201,icmp,smtp,SF,28.142650250119885,130.6687209096988,0.0,0.0,0,0.0,0.0,0.0,49,57,0.05485884150546885,normal.
1.480887866362088,tcp,http,S0,7.173015458664589,22.98896015399337,0.0,0.0,0,0.0,0.0,0.0,20,47,0.040273948474683074,normal.
1.9852565807623748,udp,http,S0,117.16592594570534,35.08478095844826,0.0,0.0,0,0.0,0.0,0.0,254,48,1.0,neptune.
2.3798024762335483,tcp,smtp,SF,191.9164184526362,516.0886156121037,0.0,0.0,0,0.0,0.0,0.0,81,42,0.09965263087986193,normal.
1.2122555113539017,udp,http,SF,11.95980035951903,1198.3588136781998,0.0,0.0,0,0.0,0.0,0.0,54,76,0.013521731371285473,normal.
1.9753483460160441,icmp,domain_u,REJ,189.39843780386596,865.1688253786343,0.0,0.0,0,0.0,0.0,0.0,36,60,0.06754560453364256,normal.
1.7556517236115112,icmp,http,SF,49.25332108796667,210.23667598824295,0.0,0.0,0,0.0,0.0,0.0,97,77,0.039600096638561524,normal.
4.628465538965295,tcp,domain_u,S0,185.8857705391996,24.417524628368902,0.0,0.0,0,0.0,0.0,0.0,1,4,0.013300979890732879,normal.
0.09302292348696195,udp,domain_u,S0,56.70999286954077,147.00589159316922,0.0,0.0,0,0.0,0.0,0.0,15,2,0.015873676337430954,normal.
0.6596854517975169,tcp,domain_u,SF,62.5236316800417,1545.9327021959857,0.0,0.0,0,0.0,0.0,0.0,77,90,0.0949273106245617,normal.
6.007992011721862,tcp,ftp,SF,79.23630949497662,375.30257627210744,0.0,0.0,0,0.0,0.0,0.0,17,59,0.08796014967117621,normal.
4.419351656906972,udp,http,SF,24.77744280284247,108.72086390682759,0.0,0.0,0,0.0,0.0,0.0,24,27,0.09070419604150219,normal.
1.21635052391924,udp,smtp,SF,180.30937838951283,381.05276229850443,0.0,0.0,0,0.0,0.0,0.0,58,27,0.09915327758273866,normal.
1.9358660574779545,udp,smtp,S0,17.789695086415595,22.107284952745857,0.0,0.0,0,0.0,0.0,0.0,72,79,0.020831539000851797,normal.
0.6497468397902603,icmp,http,REJ,36.522673352952836,52.27367682739825,0.0,0.0,0,0.0,0.0,0.0,91,72,0.03554393373640618,normal.
0.416808322872129,tcp,ftp,SF,92.22808351699271,29.18669379510104,0.0,0.0,0,0.0,0.0,0.0,23,7,0.06692190299248667,normal.
1.2461171976081975,tcp,ftp,SF,32.81234312915088,300.17262550683284,0.0,0.0,0,0.0,0.0,0.0,46,63,0.04838025398606473,normal.
0.8719070692334667,icmp,domain_u,SF,118.81067274508413,433.1808245895791,0.0,0.0,0,0.0,0.0,0.0,72,46,0.04183895333783336,normal.
1.752487412013286,udp,http,SF,216.1269946658405,117.83212702475646,0.0,0.0,0,0.0,0.0,0.0,8,63,0.035781124933559304,normal.
0.16184456886636958,icmp,http,S0,150.28688002819155,40.069100849009295,0.0,0.0,0,0.0,0.0,0.0,59,12,0.05937806319434522,normal.
7.329920245045135,icmp,smtp,SF,7.8765082195848715,144.08110348850371,0.0,0.0,0,0.0,0.0,0.0,90,13,0.057559342864008205,normal.
8.567731151105077,icmp,http,SF,61.92023160215502,71.53094576654169,0.0,0.0,0,0.0,0.0,0.0,59,43,0.01614578340642401,normal.
